id;username;ip_address;registration_at
1;index override Multi;Manzana;2021-09-27T16:32:14
2;Pelota;cohesiva Calle synth;2021-09-27T18:41:11
3;moderador;input Negro Heredado;2021-09-26T22:11:28
4;Joyería Pescado Senda;Granito Adaptativo;2021-09-27T17:19:39
5;sistémica withdrawal;web-readiness Loan T;2021-09-27T08:01:22
6;Metal intermedia Toallas;Extremadura;2021-09-27T02:01:02
7;Croatian;Actualizable;2021-09-26T20:06:05
8;cultivate;e-business;2021-09-27T09:43:35
9;exploit;Comunidad;2021-09-27T10:54:39
10;Barranco Granito Persever;and Loan Comunidad;2021-09-27T08:46:02
